h_mult,h,tau_conv,tau_bc,se_robust,p_robust,ci_lo,ci_hi,n_left,n_right
0.5,0.0284133307459125,0.5402231077658405,0.7233136722183449,0.5663711219252199,0.2015662515500608,-0.38675332863862977,1.8333806730753195,38,41
0.75,0.04261999611886875,0.46528714680423033,0.7202581647630689,0.46561333553155293,0.12188689695904749,-0.19232720360033873,1.6328435331264766,53,64
1.0,0.056826661491825,0.34074538244299846,0.6842321440302683,0.41403664490205705,0.0984146666481805,-0.12726476825756283,1.4957290563180994,62,79
1.25,0.07103332686478125,0.18719665257418155,0.5879839580116208,0.370807044872302,0.11281030055338923,-0.1387844951518188,1.3147524111750606,74,111
1.5,0.0852399922377375,0.09444798905003524,0.435916154567431,0.35034068161827103,0.2134025664023812,-0.250738963723594,1.122571272858456,85,141
