h_mult,h,tau_conv,tau_bc,se_robust,p_robust,ci_lo,ci_hi,n_left,n_right
0.5,0.02741544402928123,0.837194978327378,0.3320312738714821,1.103464799873418,0.7634916379311439,-1.8307199920881154,2.4947825398310797,50,49
0.75,0.04112316604392185,0.7214270733793772,0.9296356909798055,0.9259007281150267,0.3153622884917253,-0.8850963893850595,2.7443677713446704,72,89
1.0,0.05483088805856246,0.7367157207231971,0.683350835970391,0.7970894350064791,0.3912749056341567,-0.8789157490996882,2.2456174210404702,88,132
1.25,0.06853861007320308,0.6174792213053792,0.6980281588084611,0.7157890521002255,0.32946752295380444,-0.704892603836045,2.100948921452967,99,179
1.5,0.0822463320878437,0.5602514899365798,0.6785112975298218,0.6460922287387161,0.2936366715788281,-0.5878062014892762,1.9448287965489197,116,221
