cohort,n,tau_conv,tau_bc,se_robust,p_robust,ci_lo,ci_hi,h,n_left,n_right
pre_covid,453,0.25365234592624347,0.20064153224123277,0.24450454299046184,0.41187157432588406,-0.2785785660764978,0.6798616305589633,0.0410780846468955,18,28
covid,324,0.08262200851191812,0.11820982095216014,0.23676687188832393,0.6175914927715662,-0.34584472068116373,0.582264362585484,0.06337793640881263,34,44
post_covid,422,0.6313472321202065,0.6845073854146759,0.6508225382967687,0.29291089334965703,-0.5910813499739309,1.9600961208032828,0.042909164980404355,28,39
