covariate,tau,robust_se,p_value
log_price,4.732115120826014,1.5839265894818977,0.0008614317143202999
log_total_reviews,1.2080978273127698,0.6181583680490835,0.02513291162386077
months_since_release,-2.5326534814703265,8.07506869852544,0.6257127656697652
has_multiplayer,0.14247310400018764,0.14757666703615552,0.23901231498323516
platform_mac_i,0.19801075386076222,0.15963844020182014,0.17133419226240432
dlc_count_f,2.551293826318319,2.98285664262368,0.5111210323393557
achievements_f,1.0859758699510849,47.09022431339965,0.9819399722009186
