covariate,tau,robust_se,p_value
log_price,4.732115120826435,1.5839265894821344,0.0008614317143209808
log_total_reviews,1.2080978273115761,0.6181583680484837,0.025132911623867268
months_since_release,-2.5326534814290085,8.075068698513114,0.6257127656740524
has_multiplayer,0.14247310400028956,0.147576667036201,0.23901231498306674
platform_mac_i,0.19801075386076009,0.15963844020181914,0.17133419226240587
dlc_count_f,2.551293826318499,2.9828566426234366,0.5111210323393797
achievements_f,1.0859758699518096,47.090224313397684,0.9819399722009181
