outcome,cutoff,hole,adjusted,tau_conv,tau_bc,se_robust,p_robust,ci_lo,ci_hi,h,n_left,n_right
y_log_ccu,0.4,0.005,False,0.5347975751030938,0.8047878330855451,0.8975543621168641,0.3699082574659204,-0.9543863908303305,2.5639620570014205,0.04448176481566654,48,62
y_log_ccu,0.4,0.005,True,0.005610202209680379,0.018158675869606483,0.48769596927068276,0.9702987495142825,-0.9377078593062846,0.9740252110454977,0.0602708326499519,60,78
y_log_ccu,0.7,0.005,False,1.5458835432235887,1.6571633617196593,1.2127435355651348,0.17179518877144173,-0.7197702904717751,4.034097013911094,0.03859634485885265,64,73
y_log_ccu,0.7,0.005,True,0.7835083041861928,0.7914925907965253,0.7647209757725351,0.30066501445509786,-0.7073329799399706,2.2903181615330213,0.047647491676745916,76,99
