outcome,cutoff,tau_conv,tau_bc,se_robust,p_robust,ci_lo,ci_hi,h,n_left,n_right
y_log_ccu,0.4,0.3407453824429958,0.43703417901517727,0.33655015144800104,0.19409128512546958,-0.22259199681440545,1.09666035484476,0.056826661491825,62,79
y_log_owners,0.4,0.33086558438543134,0.3667173232970541,0.26706344191505116,0.16970669975559716,-0.15671740444375082,0.890152051037859,0.0702144126683872,73,108
y_log_ccu,0.7,0.7367157207232224,0.7930636853378188,0.6264892509646609,0.20555406317183667,-0.43483268325439184,2.0209600539300294,0.05483088805856246,88,132
y_log_owners,0.7,0.34873446492759874,0.41370746758068344,0.27534918626588883,0.13297241870737556,-0.12596702067286958,0.9533819558342365,0.04428555050303395,75,98
