outcome,cutoff,tau_conv,tau_bc,se_robust,p_robust,ci_lo,ci_hi,h,n_left,n_right
y_log_ccu,0.4,0.5646516170063647,0.7642050232455652,0.48204327136897435,0.11288790732567788,-0.18058242762749233,1.7089924741186227,0.04475304255120928,54,68
y_log_owners,0.4,0.46282799592788315,0.5219508545264304,0.3964801732527426,0.18801921694047785,-0.25513600563314587,1.2990377146860066,0.052790946645168216,61,75
y_log_ccu,0.7,2.2013666133448044,2.485996968071653,1.0984401048819858,0.02362295247391238,0.33309392332856147,4.638900012814744,0.03843283472649342,68,79
y_log_owners,0.7,0.6250335136857164,0.7312374044046788,0.47928091093552216,0.12708536464629971,-0.20813591950649402,1.6706107283158516,0.03677561189715223,65,73
