cutoff,tau_conv,tau_bc,se_robust,p_robust,ci_lo,ci_hi,h,n_left,n_right
0.6,2.1332281325587226,2.352117291325113,0.8770637877492947,0.007322532107359981,0.6331038551922132,4.071130727458013,0.044091516371663246,46,45
0.65,0.6440142565275366,0.7567171004319808,0.6098958004758158,0.21470485116597837,-0.43865670282284497,1.9520909036868066,0.09002272182572126,90,171
0.75,-0.150602064674769,-0.18034981844810366,0.5308670087630386,0.7340621804383534,-1.2208300362041686,0.8601303993079614,0.04294739893777775,105,151
0.8,0.1185888049122578,0.2251656204356846,0.3897045210516121,0.5634089479343352,-0.5386412054379064,0.9889724463092755,0.04648157606849183,172,201
